Ngày,Mặt hàng,Giá (VND),date,time,1,2,3,4,5,6
31/12/2019,Xăng RON 95-III,20990.0,,,,,,,,
31/12/2019,Xăng E5 RON 92-II,19880.0,,,,,,,,
31/12/2019,"Dầu DO 0,05S-II",16590.0,,,,,,,,
31/12/2019,Dầu KO,15580.0,,,,,,,,
31/10/2024,Xăng RON 95-III,20500.0,,,,,,,,
31/10/2024,Xăng E5 RON 92-II,19400.0,,,,,,,,
31/10/2024,"Dầu DO 0,05S-II",18140.0,,,,,,,,
31/10/2024,"Dầu DO 0,001S-V",18360.0,,,,,,,,
31/10/2024,Dầu KO,18830.0,,,,,,,,
31/10/2019,Xăng RON 95-III,20440.0,,,,,,,,
31/10/2019,Xăng E5 RON 92-II,19250.0,,,,,,,,
31/10/2019,"Dầu DO 0,05S-II",16050.0,,,,,,,,
31/10/2019,Dầu KO,15130.0,,,,,,,,
31/10/2019,Dầu FO 3%S,0.0,,,,,,,,
31/10/2019,"Dầu FO 3,5%S",0.0,,,,,,,,
31/08/2019,Xăng RON 95-III,20230.0,,,,,,,,
31/08/2019,Xăng E5 RON 92-II,19220.0,,,,,,,,
31/08/2019,"Dầu DO 0,05S-II",16330.0,,,,,,,,
31/08/2019,Dầu KO,15320.0,,,,,,,,
31/08/2019,Dầu FO 3%S,0.0,,,,,,,,
31/08/2019,"Dầu FO 3,5%S",0.0,,,,,,,,
31/07/2025,Xăng RON 95-III,19840.0,,,,,,,,
31/07/2025,Xăng E10 RON 95-III,19600.0,,,,,,,,
31/07/2025,Xăng E5 RON 92-II,19400.0,,,,,,,,
31/07/2025,"Dầu DO 0,05S-II",19060.0,,,,,,,,
31/07/2025,"Dầu DO 0,001S-V",19360.0,,,,,,,,
31/07/2025,Dầu KO,18710.0,,,,,,,,
31/01/2019,Xăng RON 95-III,17600.0,,,,,,,,
31/01/2019,Xăng E5 RON 92-II,16270.0,,,,,,,,
31/01/2019,"Dầu DO 0,05S-II",14900.0,,,,,,,,
31/01/2019,Dầu KO,14180.0,,,,,,,,
31/01/2019,Dầu FO 3%S,0.0,,,,,,,,
31/01/2019,"Dầu FO 3,5%S",0.0,,,,,,,,
30/11/2023,Xăng RON 95-III,22990.0,,,,,,,,
30/11/2023,Xăng E5 RON 92-II,21790.0,,,,,,,,
30/11/2023,"Dầu DO 0,05S-II",20190.0,,,,,,,,
30/11/2023,Dầu KO,21110.0,,,,,,,,
30/11/2019,Xăng RON 95-III,21070.0,,,,,,,,
30/11/2019,Xăng E5 RON 92-II,19810.0,,,,,,,,
30/11/2019,"Dầu DO 0,05S-II",15980.0,,,,,,,,
30/11/2019,Dầu KO,14960.0,,,,,,,,
30/11/2019,Dầu FO 3%S,0.0,,,,,,,,
30/11/2019,"Dầu FO 3,5%S",0.0,,,,,,,,
30/10/2025,Xăng RON 95-III,20480.0,,,,,,,,
30/10/2025,Xăng E10 RON 95-III,20120.0,,,,,,,,
30/10/2025,Xăng E5 RON 92-II,19760.0,,,,,,,,
30/10/2025,"Dầu DO 0,05S-II",19200.0,,,,,,,,
30/10/2025,"Dầu DO 0,001S-V",19820.0,,,,,,,,
30/10/2025,Dầu KO,19270.0,,,,,,,,
30/05/2024,Xăng RON 95-III,22510.0,,,,,,,,
30/05/2024,Xăng E5 RON 92-II,21750.0,,,,,,,,
30/05/2024,"Dầu DO 0,05S-II",19740.0,,,,,,,,
30/05/2024,Dầu KO,19930.0,,,,,,,,
30/05/2024,"Dầu FO 3,5%S",17530.0,,,,,,,,
30/01/2023,Xăng RON 95-III,23140.0,,,,,,,,
30/01/2023,Xăng E5 RON 92-II,22320.0,,,,,,,,
30/01/2023,"Dầu DO 0,05S-II",22520.0,,,,,,,,
30/01/2023,Dầu KO,22570.0,,,,,,,,
30/01/2020,Xăng RON 95-III,20120.0,,,,,,,,
30/01/2020,Xăng E5 RON 92-II,19260.0,,,,,,,,
30/01/2020,"Dầu DO 0,05S-II",16130.0,,,,,,,,
30/01/2020,Dầu KO,15060.0,,,,,,,,
29/08/2024,Xăng RON 95-III,21100.0,,,,,,,,
29/08/2024,Xăng E5 RON 92-II,20330.0,,,,,,,,
29/08/2024,"Dầu DO 0,05S-II",18470.0,,,,,,,,
29/08/2024,Dầu KO,19060.0,,,,,,,,
29/05/2025,Xăng RON 95-III,19560.0,,,,,,,,
29/05/2025,Xăng E5 RON 92-II,19190.0,,,,,,,,
29/05/2025,"Dầu DO 0,05S-II",17130.0,,,,,,,,
29/05/2025,"Dầu DO 0,001S-V",17680.0,,,,,,,,
29/05/2025,Dầu KO,17100.0,,,,,,,,
29/03/2020,Xăng RON 95-III,12560.0,,,,,,,,
29/03/2020,Xăng E5 RON 92-II,11950.0,,,,,,,,
29/03/2020,"Dầu DO 0,05S-II",11250.0,,,,,,,,
29/03/2020,Dầu KO,9140.0,,,,,,,,
29/02/2024,Xăng RON 95-III,23920.0,,,,,,,,
29/02/2024,Xăng E5 RON 92-II,22750.0,,,,,,,,
29/02/2024,"Dầu DO 0,05S-II",20770.0,,,,,,,,
29/02/2024,Dầu KO,20780.0,,,,,,,,
29/02/2020,Xăng RON 95-III,19120.0,,,,,,,,
29/02/2020,Xăng E5 RON 92-II,18340.0,,,,,,,,
29/02/2020,"Dầu DO 0,05S-II",14780.0,,,,,,,,
29/02/2020,Dầu KO,13670.0,,,,,,,,
28/12/2023,Xăng RON 95-III,22140.0,,,,,,,,
28/12/2023,Xăng E5 RON 92-II,21180.0,,,,,,,,
28/12/2023,"Dầu DO 0,05S-II",19780.0,,,,,,,,
28/12/2023,Dầu KO,20450.0,,,,,,,,
28/11/2024,Xăng RON 95-III,20850.0,,,,,,,,
28/11/2024,Xăng E5 RON 92-II,19840.0,,,,,,,,
28/11/2024,"Dầu DO 0,05S-II",18770.0,,,,,,,,
28/11/2024,"Dầu DO 0,001S-V",18930.0,,,,,,,,
28/11/2024,Dầu KO,19140.0,,,,,,,,
28/08/2025,Xăng RON 95-III,20360.0,,,,,,,,
28/08/2025,Xăng E10 RON 95-III,20080.0,,,,,,,,
28/08/2025,Xăng E5 RON 92-II,19770.0,,,,,,,,
28/08/2025,"Dầu DO 0,05S-II",18350.0,,,,,,,,
28/08/2025,"Dầu DO 0,001S-V",18910.0,,,,,,,,
28/08/2025,Dầu KO,18220.0,,,,,,,,
28/07/2020,Xăng RON 95-III,14970.0,,,,,,,,
28/07/2020,Xăng E5 RON 92-II,14400.0,,,,,,,,
28/07/2020,"Dầu DO 0,05S-II",12390.0,,,,,,,,
28/07/2020,Dầu KO,10270.0,,,,,,,,
28/05/2020,Xăng RON 95-III,13120.0,,,,,,,,
28/05/2020,Xăng E5 RON 92-II,12400.0,,,,,,,,
28/05/2020,"Dầu DO 0,05S-II",10740.0,,,,,,,,
28/05/2020,Dầu KO,8750.0,,,,,,,,
28/04/2020,Xăng RON 95-III,11630.0,,,,,,,,
28/04/2020,Xăng E5 RON 92-II,10940.0,,,,,,,,
28/04/2020,"Dầu DO 0,05S-II",9940.0,,,,,,,,
28/04/2020,Dầu KO,7960.0,,,,,,,,
28/03/2024,Xăng RON 95-III,24810.0,,,,,,,,
28/03/2024,Xăng E5 RON 92-II,23620.0,,,,,,,,
28/03/2024,"Dầu DO 0,05S-II",20690.0,,,,,,,,
28/03/2024,Dầu KO,20870.0,,,,,,,,
27/10/2020,Xăng RON 95-III,14940.0,,,,,,,,
27/10/2020,Xăng E5 RON 92-II,14100.0,,,,,,,,
27/10/2020,"Dầu DO 0,05S-II",11210.0,,,,,,,,
27/10/2020,Dầu KO,9710.0,,,,,,,,
27/08/2020,Xăng RON 95-III,15110.0,,,,,,,,
27/08/2020,Xăng E5 RON 92-II,14400.0,,,,,,,,
27/08/2020,"Dầu DO 0,05S-II",11960.0,,,,,,,,
27/08/2020,Dầu KO,10120.0,,,,,,,,
27/07/2021,Xăng RON 95-III,21680.0,,,,,,,,
27/07/2021,Xăng E5 RON 92-II,20490.0,,,,,,,,
27/07/2021,"Dầu DO 0,05S-II",16370.0,,,,,,,,
27/07/2021,Dầu KO,15390.0,,,,,,,,
27/06/2024,Xăng RON 95-III,23010.0,,,,,,,,
27/06/2024,Xăng E5 RON 92-II,22010.0,,,,,,,,
27/06/2024,"Dầu DO 0,05S-II",20680.0,,,,,,,,
27/06/2024,Dầu KO,20610.0,,,,,,,,
27/06/2020,Xăng RON 95-III,14970.0,,,,,,,,
27/06/2020,Xăng E5 RON 92-II,14250.0,,,,,,,,
27/06/2020,"Dầu DO 0,05S-II",12110.0,,,,,,,,
27/06/2020,Dầu KO,10030.0,,,,,,,,
27/05/2021,Xăng RON 95-III,19530.0,,,,,,,,
27/05/2021,Xăng E5 RON 92-II,18420.0,,,,,,,,
27/05/2021,"Dầu DO 0,05S-II",14770.0,,,,,,,,
27/05/2021,Dầu KO,13820.0,,,,,,,,
27/04/2021,Xăng RON 95-III,19160.0,,,,,,,,
27/04/2021,Xăng E5 RON 92-II,17980.0,,,,,,,,
27/04/2021,"Dầu DO 0,05S-II",14320.0,,,,,,,,
27/04/2021,Dầu KO,13250.0,,,,,,,,
27/03/2025,Xăng RON 95-III,20420.0,,,,,,,,
27/03/2025,Xăng E5 RON 92-II,20030.0,,,,,,,,
27/03/2025,"Dầu DO 0,05S-II",18210.0,,,,,,,,
27/03/2025,"Dầu DO 0,001S-V",18650.0,,,,,,,,
27/03/2025,Dầu KO,18520.0,,,,,,,,
27/03/2021,Xăng RON 95-III,19040.0,,,,,,,,
27/03/2021,Xăng E5 RON 92-II,17850.0,,,,,,,,
27/03/2021,"Dầu DO 0,05S-II",14240.0,,,,,,,,
27/03/2021,Dầu KO,13000.0,,,,,,,,
27/02/2025,Xăng RON 95-III,21110.0,,,,,,,,
27/02/2025,Xăng E5 RON 92-II,20650.0,,,,,,,,
27/02/2025,"Dầu DO 0,05S-II",18950.0,,,,,,,,
27/02/2025,"Dầu DO 0,001S-V",19270.0,,,,,,,,
27/02/2025,Dầu KO,19330.0,,,,,,,,
26/12/2024,Xăng RON 95-III,20540.0,,,,,,,,
26/12/2024,Xăng E5 RON 92-II,19810.0,,,,,,,,
26/12/2024,"Dầu DO 0,05S-II",18630.0,,,,,,,,
26/12/2024,"Dầu DO 0,001S-V",18840.0,,,,,,,,
26/12/2024,Dầu KO,18700.0,,,,,,,,
26/12/2020,Xăng RON 95-III,16470.0,,,,,,,,
26/12/2020,Xăng E5 RON 92-II,15510.0,,,,,,,,
26/12/2020,"Dầu DO 0,05S-II",12370.0,,,,,,,,
26/12/2020,Dầu KO,11180.0,,,,,,,,
26/11/2020,Xăng RON 95-III,15350.0,,,,,,,,
26/11/2020,Xăng E5 RON 92-II,14490.0,,,,,,,,
26/11/2020,"Dầu DO 0,05S-II",11430.0,,,,,,,,
26/11/2020,Dầu KO,10130.0,,,,,,,,
26/10/2021,Xăng RON 95-III,24330.0,,,,,,,,
26/10/2021,Xăng E5 RON 92-II,23110.0,,,,,,,,
26/10/2021,"Dầu DO 0,05S-II",18710.0,,,,,,,,
26/10/2021,Dầu KO,17630.0,,,,,,,,
26/09/2024,Xăng RON 95-III,20510.0,,,,,,,,
26/09/2024,Xăng E5 RON 92-II,19620.0,,,,,,,,
26/09/2024,"Dầu DO 0,05S-II",17500.0,,,,,,,,
26/09/2024,"Dầu DO 0,001S-V",17850.0,,,,,,,,
26/09/2024,Dầu KO,17870.0,,,,,,,,
26/09/2020,Xăng RON 95-III,14980.0,,,,,,,,
26/09/2020,Xăng E5 RON 92-II,14210.0,,,,,,,,
26/09/2020,"Dầu DO 0,05S-II",11120.0,,,,,,,,
26/09/2020,Dầu KO,9440.0,,,,,,,,
26/08/2021,Xăng RON 95-III,21130.0,,,,,,,,
26/08/2021,Xăng E5 RON 92-II,19890.0,,,,,,,,
26/08/2021,"Dầu DO 0,05S-II",15660.0,,,,,,,,
26/08/2021,Dầu KO,14760.0,,,,,,,,
26/06/2025,Xăng RON 95-III,21500.0,,,,,,,,
26/06/2025,Xăng E5 RON 92-II,20910.0,,,,,,,,
26/06/2025,"Dầu DO 0,05S-II",19700.0,,,,,,,,
26/06/2025,"Dầu DO 0,001S-V",20060.0,,,,,,,,
26/06/2025,Dầu KO,19410.0,,,,,,,,
26/06/2021,Xăng RON 95-III,20910.0,,,,,,,,
26/06/2021,Xăng E5 RON 92-II,19760.0,,,,,,,,
26/06/2021,"Dầu DO 0,05S-II",16110.0,,,,,,,,
26/06/2021,Dầu KO,15050.0,,,,,,,,
26/01/2021,Xăng RON 95-III,17270.0,,,,,,,,
26/01/2021,Xăng E5 RON 92-II,16300.0,,,,,,,,
26/01/2021,"Dầu DO 0,05S-II",13040.0,,,,,,,,
26/01/2021,Dầu KO,11900.0,,,,,,,,
25/12/2021,Xăng RON 95-III,23290.0,,,,,,,,
25/12/2021,Xăng E5 RON 92-II,22550.0,,,,,,,,
25/12/2021,"Dầu DO 0,05S-II",17570.0,,,,,,,,
25/12/2021,Dầu KO,16510.0,,,,,,,,
25/11/2021,Xăng RON 95-III,23900.0,,,,,,,,
25/11/2021,Xăng E5 RON 92-II,22910.0,,,,,,,,
25/11/2021,"Dầu DO 0,05S-II",18380.0,,,,,,,,
25/11/2021,Dầu KO,17190.0,,,,,,,,
25/09/2025,Xăng RON 95-III,20160.0,,,,,,,,
25/09/2025,Xăng E10 RON 95-III,19830.0,,,,,,,,
25/09/2025,Xăng E5 RON 92-II,19610.0,,,,,,,,
25/09/2025,"Dầu DO 0,05S-II",18650.0,,,,,,,,
25/09/2025,"Dầu DO 0,001S-V",19180.0,,,,,,,,
25/09/2025,Dầu KO,18620.0,,,,,,,,
25/09/2021,Xăng RON 95-III,21940.0,,,,,,,,
25/09/2021,Xăng E5 RON 92-II,20710.0,,,,,,,,
25/09/2021,"Dầu DO 0,05S-II",16580.0,,,,,,,,
25/09/2021,Dầu KO,15640.0,,,,,,,,
25/07/2024,Xăng RON 95-III,22880.0,,,,,,,,
25/07/2024,Xăng E5 RON 92-II,21900.0,,,,,,,,
25/07/2024,"Dầu DO 0,05S-II",20190.0,,,,,,,,
25/07/2024,Dầu KO,20320.0,,,,,,,,
25/04/2024,Xăng RON 95-III,24910.0,,,,,,,,
25/04/2024,Xăng E5 RON 92-II,23910.0,,,,,,,,
25/04/2024,"Dầu DO 0,05S-II",20710.0,,,,,,,,
25/04/2024,Dầu KO,20680.0,,,,,,,,
25/02/2021,Xăng RON 95-III,18080.0,,,,,,,,
25/02/2021,Xăng E5 RON 92-II,17030.0,,,,,,,,
25/02/2021,"Dầu DO 0,05S-II",13840.0,,,,,,,,
25/02/2021,Dầu KO,12610.0,,,,,,,,
25/01/2024,Xăng RON 95-III,23400.0,,,,,,,,
25/01/2024,Xăng E5 RON 92-II,22170.0,,,,,,,,
25/01/2024,"Dầu DO 0,05S-II",20370.0,,,,,,,,
25/01/2024,Dầu KO,20540.0,,,,,,,,
24/10/2024,Xăng RON 95-III,20890.0,,,,,,,,
24/10/2024,Xăng E5 RON 92-II,19690.0,,,,,,,,
24/10/2024,"Dầu DO 0,05S-II",18050.0,,,,,,,,
24/10/2024,"Dầu DO 0,001S-V",18310.0,,,,,,,,
24/10/2024,Dầu KO,18570.0,,,,,,,,
24/07/2025,Xăng RON 95-III,19700.0,,,,,,,,
24/07/2025,Xăng E5 RON 92-II,19270.0,,,,,,,,
24/07/2025,"Dầu DO 0,05S-II",19120.0,,,,,,,,
24/07/2025,"Dầu DO 0,001S-V",19420.0,,,,,,,,
24/07/2025,Dầu KO,18620.0,,,,,,,,
24/04/2025,Xăng RON 95-III,19630.0,,,,,,,,
24/04/2025,Xăng E5 RON 92-II,19230.0,,,,,,,,
24/04/2025,"Dầu DO 0,05S-II",17520.0,,,,,,,,
24/04/2025,"Dầu DO 0,001S-V",18150.0,,,,,,,,
24/04/2025,Dầu KO,17710.0,,,,,,,,
23/11/2023,Xăng RON 95-III,23020.0,,,,,,,,
23/11/2023,Xăng E5 RON 92-II,21690.0,,,,,,,,
23/11/2023,"Dầu DO 0,05S-II",20280.0,,,,,,,,
23/11/2023,Dầu KO,20940.0,,,,,,,,
23/10/2025,Xăng RON 95-III,19720.0,,,,,,,,
23/10/2025,Xăng E10 RON 95-III,19450.0,,,,,,,,
23/10/2025,Xăng E5 RON 92-II,19050.0,,,,,,,,
23/10/2025,"Dầu DO 0,05S-II",17880.0,,,,,,,,
23/10/2025,"Dầu DO 0,001S-V",18500.0,,,,,,,,
23/10/2025,Dầu KO,18110.0,,,,,,,,
23/05/2024,Xăng RON 95-III,23210.0,,,,,,,,
23/05/2024,Xăng E5 RON 92-II,22270.0,,,,,,,,
23/05/2024,"Dầu DO 0,05S-II",19830.0,,,,,,,,
23/05/2024,Dầu KO,19900.0,,,,,,,,
23/05/2022,Xăng RON 95-III,30650.0,,,,,,,,
23/05/2022,Xăng E5 RON 92-II,29630.0,,,,,,,,
23/05/2022,"Dầu DO 0,05S-II",25550.0,,,,,,,,
23/05/2022,Dầu KO,24400.0,,,,,,,,
23/01/2025,Xăng RON 95-III,21140.0,,,,,,,,
23/01/2025,Xăng E5 RON 92-II,20590.0,,,,,,,,
23/01/2025,"Dầu DO 0,05S-II",20190.0,,,,,,,,
23/01/2025,"Dầu DO 0,001S-V",20430.0,,,,,,,,
23/01/2025,Dầu KO,20110.0,,,,,,,,
22/10/2018,Xăng RON 95-III,22200.0,,,,,,,,
22/10/2018,Xăng E5 RON 92-II,20680.0,,,,,,,,
22/10/2018,"Dầu DO 0,05S-II",18610.0,,,,,,,,
22/10/2018,Dầu KO,17080.0,,,,,,,,
22/10/2018,Dầu FO 3%S,0.0,,,,,,,,
22/10/2018,"Dầu FO 3,5%S",0.0,,,,,,,,
22/10/2018,Xăng RON 95-IV,22400.0,,,,,,,,
22/10/2018,"Dầu DO 0,005S-IV",18660.0,,,,,,,,
22/08/2024,Xăng RON 95-III,21310.0,,,,,,,,
22/08/2024,Xăng E5 RON 92-II,20420.0,,,,,,,,
22/08/2024,"Dầu DO 0,05S-II",18770.0,,,,,,,,
22/08/2024,Dầu KO,19140.0,,,,,,,,
22/08/2022,Xăng RON 95-III,24660.0,,,,,,,,
22/08/2022,Xăng E5 RON 92-II,23720.0,,,,,,,,
22/08/2022,"Dầu DO 0,05S-II",23750.0,,,,,,,,
22/08/2022,Dầu KO,24050.0,,,,,,,,
22/08/2018,Xăng RON 95-III,21170.0,,,,,,,,
22/08/2018,Xăng E5 RON 92-II,19610.0,,,,,,,,
22/08/2018,"Dầu DO 0,05S-II",17680.0,,,,,,,,
22/08/2018,Dầu KO,16260.0,,,,,,,,
22/08/2018,Dầu FO 3%S,0.0,,,,,,,,
22/08/2018,"Dầu FO 3,5%S",0.0,,,,,,,,
22/08/2018,Xăng RON 95-IV,21370.0,,,,,,,,
22/08/2018,"Dầu DO 0,005S-IV",17730.0,,,,,,,,
22/05/2025,Xăng RON 95-III,19530.0,,,,,,,,
22/05/2025,Xăng E5 RON 92-II,19120.0,,,,,,,,
22/05/2025,"Dầu DO 0,05S-II",17400.0,,,,,,,,
22/05/2025,"Dầu DO 0,001S-V",17950.0,,,,,,,,
22/05/2025,Dầu KO,17310.0,,,,,,,,
22/05/2023,Xăng RON 95-III,21490.0,,,,,,,,
22/05/2023,Xăng E5 RON 92-II,20480.0,,,,,,,,
22/05/2023,"Dầu DO 0,05S-II",17950.0,,,,,,,,
22/05/2023,Dầu KO,17960.0,,,,,,,,
22/02/2024,Xăng RON 95-III,23590.0,,,,,,,,
22/02/2024,Xăng E5 RON 92-II,23590.0,,,,,,,,
22/02/2024,"Dầu DO 0,05S-II",20910.0,,,,,,,,
22/02/2024,Dầu KO,20920.0,,,,,,,,
21/12/2023,Xăng RON 95-III,22140.0,,,,,,,,
21/12/2023,Xăng E5 RON 92-II,21190.0,,,,,,,,
21/12/2023,"Dầu DO 0,05S-II",19520.0,,,,,,,,
21/12/2023,Dầu KO,20490.0,,,,,,,,
21/12/2022,Xăng RON 95-III,20700.0,,,,,,,,
21/12/2022,Xăng E5 RON 92-II,19970.0,,,,,,,,
21/12/2022,"Dầu DO 0,05S-II",21600.0,,,,,,,,
21/12/2022,Dầu KO,21830.0,,,,,,,,
21/12/2018,Xăng RON 95-III,18140.0,,,,,,,,
21/12/2018,Xăng E5 RON 92-II,16780.0,,,,,,,,
21/12/2018,"Dầu DO 0,05S-II",16000.0,,,,,,,,
21/12/2018,Dầu KO,15000.0,,,,,,,,
21/12/2018,Dầu FO 3%S,0.0,,,,,,,,
21/12/2018,"Dầu FO 3,5%S",0.0,,,,,,,,
21/12/2018,Xăng RON 95-IV,18340.0,,,,,,,,
21/12/2018,"Dầu DO 0,005S-IV",16050.0,,,,,,,,
21/11/2024,Xăng RON 95-III,20520.0,,,,,,,,
21/11/2024,Xăng E5 RON 92-II,19340.0,,,,,,,,
21/11/2024,"Dầu DO 0,05S-II",18500.0,,,,,,,,
21/11/2024,"Dầu DO 0,001S-V",18610.0,,,,,,,,
21/11/2024,Dầu KO,18920.0,,,,,,,,
21/11/2022,Xăng RON 95-III,23780.0,,,,,,,,
21/11/2022,Xăng E5 RON 92-II,22670.0,,,,,,,,
21/11/2022,"Dầu DO 0,05S-II",24800.0,,,,,,,,
21/11/2022,Dầu KO,24640.0,,,,,,,,
21/11/2018,Xăng RON 95-III,19970.0,,,,,,,,
21/11/2018,Xăng E5 RON 92-II,18620.0,,,,,,,,
21/11/2018,"Dầu DO 0,05S-II",17630.0,,,,,,,,
21/11/2018,Dầu KO,16240.0,,,,,,,,
21/11/2018,Dầu FO 3%S,0.0,,,,,,,,
21/11/2018,"Dầu FO 3,5%S",0.0,,,,,,,,
21/11/2018,Xăng RON 95-IV,20170.0,,,,,,,,
21/11/2018,"Dầu DO 0,005S-IV",17680.0,,,,,,,,
21/10/2022,Xăng RON 95-III,22340.0,,,,,,,,
21/10/2022,Xăng E5 RON 92-II,21490.0,,,,,,,,
21/10/2022,"Dầu DO 0,05S-II",24780.0,,,,,,,,
21/10/2022,Dầu KO,23660.0,,,,,,,,
21/09/2023,Xăng RON 95-III,25740.0,,,,,,,,
21/09/2023,Xăng E5 RON 92-II,24190.0,,,,,,,,
21/09/2023,"Dầu DO 0,05S-II",23590.0,,,,,,,,
21/09/2023,Dầu KO,23810.0,,,,,,,,
21/09/2022,Xăng RON 95-III,22580.0,,,,,,,,
21/09/2022,Xăng E5 RON 92-II,21780.0,,,,,,,,
21/09/2022,"Dầu DO 0,05S-II",22530.0,,,,,,,,
21/09/2022,Dầu KO,22440.0,,,,,,,,
21/09/2018,Xăng RON 95-III,21770.0,,,,,,,,
21/09/2018,Xăng E5 RON 92-II,20230.0,,,,,,,,
21/09/2018,"Dầu DO 0,05S-II",18120.0,,,,,,,,
21/09/2018,Dầu KO,16680.0,,,,,,,,
21/09/2018,Dầu FO 3%S,0.0,,,,,,,,
21/09/2018,"Dầu FO 3,5%S",0.0,,,,,,,,
21/09/2018,Xăng RON 95-IV,21970.0,,,,,,,,
21/09/2018,"Dầu DO 0,005S-IV",18170.0,,,,,,,,
21/08/2025,Xăng RON 95-III,20090.0,,,,,,,,
21/08/2025,Xăng E10 RON 95-III,19840.0,,,,,,,,
21/08/2025,Xăng E5 RON 92-II,19460.0,,,,,,,,
21/08/2025,"Dầu DO 0,05S-II",17900.0,,,,,,,,
21/08/2025,"Dầu DO 0,001S-V",18460.0,,,,,,,,
21/08/2025,Dầu KO,17810.0,,,,,,,,
21/08/2023,Xăng RON 95-III,24600.0,,,,,,,,
21/08/2023,Xăng E5 RON 92-II,23330.0,,,,,,,,
21/08/2023,"Dầu DO 0,05S-II",22350.0,,,,,,,,
21/08/2023,Dầu KO,22300.0,,,,,,,,
21/07/2023,Xăng RON 95-III,22790.0,,,,,,,,
21/07/2023,Xăng E5 RON 92-II,21630.0,,,,,,,,
21/07/2023,"Dầu DO 0,05S-II",19500.0,,,,,,,,
21/07/2023,Dầu KO,19180.0,,,,,,,,
21/07/2022,Xăng RON 95-III,26070.0,,,,,,,,
21/07/2022,Xăng E5 RON 92-II,25070.0,,,,,,,,
21/07/2022,"Dầu DO 0,05S-II",24850.0,,,,,,,,
21/07/2022,Dầu KO,25240.0,,,,,,,,
21/06/2023,Xăng RON 95-III,22010.0,,,,,,,,
21/06/2023,Xăng E5 RON 92-II,20870.0,,,,,,,,
21/06/2023,"Dầu DO 0,05S-II",18170.0,,,,,,,,
21/06/2023,Dầu KO,17950.0,,,,,,,,
21/06/2022,Xăng RON 95-III,32870.0,,,,,,,,
21/06/2022,Xăng E5 RON 92-II,31300.0,,,,,,,,
21/06/2022,"Dầu DO 0,05S-II",30010.0,,,,,,,,
21/06/2022,Dầu KO,28780.0,,,,,,,,
21/04/2023,Xăng RON 95-III,23630.0,,,,,,,,
21/04/2023,Xăng E5 RON 92-II,22680.0,,,,,,,,
21/04/2023,"Dầu DO 0,05S-II",19390.0,,,,,,,,
21/04/2023,Dầu KO,19480.0,,,,,,,,
21/04/2022,Xăng RON 95-III,27990.0,,,,,,,,
21/04/2022,Xăng E5 RON 92-II,27130.0,,,,,,,,
21/04/2022,"Dầu DO 0,05S-II",25350.0,,,,,,,,
21/04/2022,Dầu KO,23820.0,,,,,,,,
21/03/2024,Xăng RON 95-III,24280.0,,,,,,,,
21/03/2024,Xăng E5 RON 92-II,23210.0,,,,,,,,
21/03/2024,"Dầu DO 0,05S-II",21010.0,,,,,,,,
21/03/2024,Dầu KO,21260.0,,,,,,,,
21/03/2023,Xăng RON 95-III,23030.0,,,,,,,,
21/03/2023,Xăng E5 RON 92-II,22020.0,,,,,,,,
21/03/2023,"Dầu DO 0,05S-II",19300.0,,,,,,,,
21/03/2023,Dầu KO,19460.0,,,,,,,,
21/03/2022,Xăng RON 95-III,29190.0,,,,,,,,
21/03/2022,Xăng E5 RON 92-II,28330.0,,,,,,,,
21/03/2022,"Dầu DO 0,05S-II",23630.0,,,,,,,,
21/03/2022,Dầu KO,22240.0,,,,,,,,
21/02/2023,Xăng RON 95-III,23440.0,,,,,,,,
21/02/2023,Xăng E5 RON 92-II,22540.0,,,,,,,,
21/02/2023,"Dầu DO 0,05S-II",20800.0,,,,,,,,
21/02/2023,Dầu KO,20840.0,,,,,,,,
21/02/2022,Xăng RON 95-III,26280.0,,,,,,,,
21/02/2022,Xăng E5 RON 92-II,25530.0,,,,,,,,
21/02/2022,"Dầu DO 0,05S-II",20800.0,,,,,,,,
21/02/2022,Dầu KO,19500.0,,,,,,,,
21/01/2022,Xăng RON 95-III,24360.0,,,,,,,,
21/01/2022,Xăng E5 RON 92-II,23590.0,,,,,,,,
21/01/2022,"Dầu DO 0,05S-II",18900.0,,,,,,,,
21/01/2022,Dầu KO,17790.0,,,,,,,,
20/06/2024,Xăng RON 95-III,22460.0,,,,,,,,
20/06/2024,Xăng E5 RON 92-II,21500.0,,,,,,,,
20/06/2024,"Dầu DO 0,05S-II",20360.0,,,,,,,,
20/06/2024,Dầu KO,20350.0,,,,,,,,
20/03/2025,Xăng RON 95-III,20080.0,,,,,,,,
20/03/2025,Xăng E5 RON 92-II,19690.0,,,,,,,,
20/03/2025,"Dầu DO 0,05S-II",17890.0,,,,,,,,
20/03/2025,"Dầu DO 0,001S-V",18380.0,,,,,,,,
20/03/2025,Dầu KO,18110.0,,,,,,,,
20/02/2025,Xăng RON 95-III,21330.0,,,,,,,,
20/02/2025,Xăng E5 RON 92-II,20850.0,,,,,,,,
20/02/2025,"Dầu DO 0,05S-II",19060.0,,,,,,,,
20/02/2025,"Dầu DO 0,001S-V",19470.0,,,,,,,,
20/02/2025,Dầu KO,19510.0,,,,,,,,
19/12/2024,Xăng RON 95-III,21000.0,,,,,,,,
19/12/2024,Xăng E5 RON 92-II,20240.0,,,,,,,,
19/12/2024,"Dầu DO 0,05S-II",18730.0,,,,,,,,
19/12/2024,"Dầu DO 0,001S-V",18980.0,,,,,,,,
19/12/2024,Dầu KO,18960.0,,,,,,,,
19/09/2024,Xăng RON 95-III,19760.0,,,,,,,,
19/09/2024,Xăng E5 RON 92-II,18940.0,,,,,,,,
19/09/2024,"Dầu DO 0,05S-II",17040.0,,,,,,,,
19/09/2024,Dầu KO,17550.0,,,,,,,,
19/06/2025,Xăng RON 95-III,21240.0,,,,,,,,
19/06/2025,Xăng E5 RON 92-II,20630.0,,,,,,,,
19/06/2025,"Dầu DO 0,05S-II",19150.0,,,,,,,,
19/06/2025,"Dầu DO 0,001S-V",19510.0,,,,,,,,
19/06/2025,Dầu KO,18920.0,,,,,,,,
18/09/2025,Xăng RON 95-III,20600.0,,,,,,,,
18/09/2025,Xăng E10 RON 95-III,20220.0,,,,,,,,
18/09/2025,Xăng E5 RON 92-II,19980.0,,,,,,,,
18/09/2025,"Dầu DO 0,05S-II",18700.0,,,,,,,,
18/09/2025,"Dầu DO 0,001S-V",19230.0,,,,,,,,
18/09/2025,Dầu KO,18540.0,,,,,,,,
18/07/2024,Xăng RON 95-III,23170.0,,,,,,,,
18/07/2024,Xăng E5 RON 92-II,22170.0,,,,,,,,
18/07/2024,"Dầu DO 0,05S-II",20500.0,,,,,,,,
18/07/2024,Dầu KO,20660.0,,,,,,,,
18/03/2019,Xăng RON 95-III,18540.0,,,,,,,,
18/03/2019,Xăng E5 RON 92-II,17210.0,,,,,,,,
18/03/2019,"Dầu DO 0,05S-II",15860.0,,,,,,,,
18/03/2019,Dầu KO,14880.0,,,,,,,,
18/03/2019,Dầu FO 3%S,0.0,,,,,,,,
18/03/2019,"Dầu FO 3,5%S",0.0,,,,,,,,
18/01/2024,Xăng RON 95-III,22480.0,,,,,,,,
18/01/2024,Xăng E5 RON 92-II,21410.0,,,,,,,,
18/01/2024,"Dầu DO 0,05S-II",20190.0,,,,,,,,
18/01/2024,Dầu KO,20530.0,,,,,,,,
17/10/2024,Xăng RON 95-III,20960.0,,,,,,,,
17/10/2024,Xăng E5 RON 92-II,19730.0,,,,,,,,
17/10/2024,"Dầu DO 0,05S-II",18320.0,,,,,,,,
17/10/2024,"Dầu DO 0,001S-V",18570.0,,,,,,,,
17/10/2024,Dầu KO,18620.0,,,,,,,,
17/07/2025,Xăng RON 95-III,19920.0,,,,,,,,
17/07/2025,Xăng E5 RON 92-II,19480.0,,,,,,,,
17/07/2025,"Dầu DO 0,05S-II",18790.0,,,,,,,,
17/07/2025,"Dầu DO 0,001S-V",19090.0,,,,,,,,
17/07/2025,Dầu KO,18420.0,,,,,,,,
17/07/2019,Xăng RON 95-III,21230.0,,,,,,,,
17/07/2019,Xăng E5 RON 92-II,20270.0,,,,,,,,
17/07/2019,"Dầu DO 0,05S-II",16990.0,,,,,,,,
17/07/2019,Dầu KO,15950.0,,,,,,,,
17/07/2019,Dầu FO 3%S,0.0,,,,,,,,
17/07/2019,"Dầu FO 3,5%S",0.0,,,,,,,,
17/06/2019,Xăng RON 95-III,20130.0,,,,,,,,
17/06/2019,Xăng E5 RON 92-II,19230.0,,,,,,,,
17/06/2019,"Dầu DO 0,05S-II",16650.0,,,,,,,,
17/06/2019,Dầu KO,15610.0,,,,,,,,
17/06/2019,Dầu FO 3%S,0.0,,,,,,,,
17/06/2019,"Dầu FO 3,5%S",0.0,,,,,,,,
17/05/2019,Xăng RON 95-III,21590.0,,,,,,,,
17/05/2019,Xăng E5 RON 92-II,20480.0,,,,,,,,
17/05/2019,"Dầu DO 0,05S-II",17610.0,,,,,,,,
17/05/2019,Dầu KO,16420.0,,,,,,,,
17/05/2019,Dầu FO 3%S,0.0,,,,,,,,
17/05/2019,"Dầu FO 3,5%S",0.0,,,,,,,,
17/04/2025,Xăng RON 95-III,18850.0,,,,,,,,
17/04/2025,Xăng E5 RON 92-II,18490.0,,,,,,,,
17/04/2025,"Dầu DO 0,05S-II",17030.0,,,,,,,,
17/04/2025,"Dầu DO 0,001S-V",17660.0,,,,,,,,
17/04/2025,Dầu KO,17180.0,,,,,,,,
17/04/2024,Xăng RON 95-III,25230.0,,,,,,,,
17/04/2024,Xăng E5 RON 92-II,24220.0,,,,,,,,
17/04/2024,"Dầu DO 0,05S-II",21440.0,,,,,,,,
17/04/2024,Dầu KO,21410.0,,,,,,,,
17/04/2019,Xăng RON 95-III,21230.0,,,,,,,,
17/04/2019,Xăng E5 RON 92-II,19700.0,,,,,,,,
17/04/2019,"Dầu DO 0,05S-II",17380.0,,,,,,,,
17/04/2019,Dầu KO,16260.0,,,,,,,,
17/04/2019,Dầu FO 3%S,0.0,,,,,,,,
17/04/2019,"Dầu FO 3,5%S",0.0,,,,,,,,
16/12/2019,Xăng RON 95-III,20880.0,,,,,,,,
16/12/2019,Xăng E5 RON 92-II,19720.0,,,,,,,,
16/12/2019,"Dầu DO 0,05S-II",16060.0,,,,,,,,
16/12/2019,Dầu KO,15010.0,,,,,,,,
16/10/2025,Xăng RON 95-III,19900.0,,,,,,,,
16/10/2025,Xăng E10 RON 95-III,19680.0,,,,,,,,
16/10/2025,Xăng E5 RON 92-II,19220.0,,,,,,,,
16/10/2025,"Dầu DO 0,05S-II",18420.0,,,,,,,,
16/10/2025,"Dầu DO 0,001S-V",18940.0,,,,,,,,
16/10/2025,Dầu KO,18400.0,,,,,,,,
16/10/2019,Xăng RON 95-III,20790.0,,,,,,,,
16/10/2019,Xăng E5 RON 92-II,19470.0,,,,,,,,
16/10/2019,"Dầu DO 0,05S-II",16220.0,,,,,,,,
16/10/2019,Dầu KO,15250.0,,,,,,,,
16/10/2019,Dầu FO 3%S,0.0,,,,,,,,
16/10/2019,"Dầu FO 3,5%S",0.0,,,,,,,,
16/09/2019,Xăng RON 95-III,20140.0,,,,,,,,
16/09/2019,Xăng E5 RON 92-II,19110.0,,,,,,,,
16/09/2019,"Dầu DO 0,05S-II",16200.0,,,,,,,,
16/09/2019,Dầu KO,15360.0,,,,,,,,
16/09/2019,Dầu FO 3%S,0.0,,,,,,,,
16/09/2019,"Dầu FO 3,5%S",0.0,,,,,,,,
16/08/2019,Xăng RON 95-III,20400.0,,,,,,,,
16/08/2019,Xăng E5 RON 92-II,19350.0,,,,,,,,
16/08/2019,"Dầu DO 0,05S-II",16500.0,,,,,,,,
16/08/2019,Dầu KO,15390.0,,,,,,,,
16/08/2019,Dầu FO 3%S,0.0,,,,,,,,
16/08/2019,"Dầu FO 3,5%S",0.0,,,,,,,,
16/05/2024,Xăng RON 95-III,23130.0,,,,,,,,
16/05/2024,Xăng E5 RON 92-II,22110.0,,,,,,,,
16/05/2024,"Dầu DO 0,05S-II",19870.0,,,,,,,,
16/05/2024,Dầu KO,19900.0,,,,,,,,
16/01/2025,Xăng RON 95-III,21220.0,,,,,,,,
16/01/2025,Xăng E5 RON 92-II,20750.0,,,,,,,,
16/01/2025,"Dầu DO 0,05S-II",19780.0,,,,,,,,
16/01/2025,"Dầu DO 0,001S-V",19980.0,,,,,,,,
16/01/2025,Dầu KO,19700.0,,,,,,,,
16/01/2019,Xăng RON 95-III,17600.0,,,,,,,,
16/01/2019,Xăng E5 RON 92-II,16270.0,,,,,,,,
16/01/2019,"Dầu DO 0,05S-II",14900.0,,,,,,,,
16/01/2019,Dầu KO,14180.0,,,,,,,,
16/01/2019,Dầu FO 3%S,0.0,,,,,,,,
16/01/2019,"Dầu FO 3,5%S",0.0,,,,,,,,
15/11/2019,Xăng RON 95-III,20790.0,,,,,,,,
15/11/2019,Xăng E5 RON 92-II,19500.0,,,,,,,,
15/11/2019,"Dầu DO 0,05S-II",15960.0,,,,,,,,
15/11/2019,Dầu KO,14960.0,,,,,,,,
15/11/2019,Dầu FO 3%S,0.0,,,,,,,,
15/11/2019,"Dầu FO 3,5%S",0.0,,,,,,,,
15/08/2024,Xăng RON 95-III,21850.0,,,,,,,,
15/08/2024,Xăng E5 RON 92-II,20880.0,,,,,,,,
15/08/2024,"Dầu DO 0,05S-II",19230.0,,,,,,,,
15/08/2024,Dầu KO,19570.0,,,,,,,,
15/05/2025,Xăng RON 95-III,19590.0,,,,,,,,
15/05/2025,Xăng E5 RON 92-II,19180.0,,,,,,,,
15/05/2025,"Dầu DO 0,05S-II",17220.0,,,,,,,,
15/05/2025,"Dầu DO 0,001S-V",17770.0,,,,,,,,
15/05/2025,Dầu KO,17220.0,,,,,,,,
15/03/2020,Xăng RON 95-III,16810.0,,,,,,,,
15/03/2020,Xăng E5 RON 92-II,16050.0,,,,,,,,
15/03/2020,"Dầu DO 0,05S-II",13030.0,,,,,,,,
15/03/2020,Dầu KO,11840.0,,,,,,,,
15/02/2024,Xăng RON 95-III,23910.0,,,,,,,,
15/02/2024,Xăng E5 RON 92-II,22830.0,,,,,,,,
15/02/2024,"Dầu DO 0,05S-II",21360.0,,,,,,,,
15/02/2024,Dầu KO,21220.0,,,,,,,,
15/02/2019,Xăng RON 95-III,17600.0,,,,,,,,
15/02/2019,Xăng E5 RON 92-II,16270.0,,,,,,,,
15/02/2019,"Dầu DO 0,05S-II",14900.0,,,,,,,,
15/02/2019,Dầu KO,14180.0,,,,,,,,
15/02/2019,Dầu FO 3%S,0.0,,,,,,,,
15/02/2019,"Dầu FO 3,5%S",0.0,,,,,,,,
15/01/2020,Xăng RON 95-III,20910.0,,,,,,,,
15/01/2020,Xăng E5 RON 92-II,19840.0,,,,,,,,
15/01/2020,"Dầu DO 0,05S-II",16540.0,,,,,,,,
15/01/2020,Dầu KO,15530.0,,,,,,,,
14/12/2023,Xăng RON 95-III,21400.0,,,,,,,,
14/12/2023,Xăng E5 RON 92-II,20510.0,,,,,,,,
14/12/2023,"Dầu DO 0,05S-II",19010.0,,,,,,,,
14/12/2023,Dầu KO,19960.0,,,,,,,,
14/11/2024,Xăng RON 95-III,20600.0,,,,,,,,
14/11/2024,Xăng E5 RON 92-II,19450.0,,,,,,,,
14/11/2024,"Dầu DO 0,05S-II",18570.0,,,,,,,,
14/11/2024,"Dầu DO 0,001S-V",18660.0,,,,,,,,
14/11/2024,Dầu KO,18980.0,,,,,,,,
14/08/2025,Xăng RON 95-III,19880.0,,,,,,,,
14/08/2025,Xăng E10 RON 95-III,19660.0,,,,,,,,
14/08/2025,Xăng E5 RON 92-II,19350.0,,,,,,,,
14/08/2025,"Dầu DO 0,05S-II",18070.0,,,,,,,,
14/08/2025,"Dầu DO 0,001S-V",18630.0,,,,,,,,
14/08/2025,Dầu KO,18020.0,,,,,,,,
14/03/2024,Xăng RON 95-III,23540.0,,,,,,,,
14/03/2024,Xăng E5 RON 92-II,22490.0,,,,,,,,
14/03/2024,"Dầu DO 0,05S-II",20540.0,,,,,,,,
14/03/2024,Dầu KO,20700.0,,,,,,,,
14/02/2020,Xăng RON 95-III,19380.0,,,,,,,,
14/02/2020,Xăng E5 RON 92-II,18500.0,,,,,,,,
14/02/2020,"Dầu DO 0,05S-II",15170.0,,,,,,,,
14/02/2020,Dầu KO,13950.0,,,,,,,,
13/11/2023,Xăng RON 95-III,23530.0,,,,,,,,
13/11/2023,Xăng E5 RON 92-II,22270.0,,,,,,,,
13/11/2023,"Dầu DO 0,05S-II",20880.0,,,,,,,,
13/11/2023,Dầu KO,21510.0,,,,,,,,
13/07/2020,Xăng RON 95-III,14970.0,,,,,,,,
13/07/2020,Xăng E5 RON 92-II,14250.0,,,,,,,,
13/07/2020,"Dầu DO 0,05S-II",12110.0,,,,,,,,
13/07/2020,Dầu KO,10030.0,,,,,,,,
13/06/2024,Xăng RON 95-III,22230.0,,,,,,,,
13/06/2024,Xăng E5 RON 92-II,21310.0,,,,,,,,
13/06/2024,"Dầu DO 0,05S-II",19640.0,,,,,,,,
13/06/2024,Dầu KO,19850.0,,,,,,,,
13/06/2022,Xăng RON 95-III,32370.0,,,,,,,,
13/06/2022,Xăng E5 RON 92-II,31110.0,,,,,,,,
13/06/2022,"Dầu DO 0,05S-II",29020.0,,,,,,,,
13/06/2022,Dầu KO,27830.0,,,,,,,,
13/05/2020,Xăng RON 95-III,12230.0,,,,,,,,
13/05/2020,Xăng E5 RON 92-II,11520.0,,,,,,,,
13/05/2020,"Dầu DO 0,05S-II",9850.0,,,,,,,,
13/05/2020,Dầu KO,7880.0,,,,,,,,
13/04/2020,Xăng RON 95-III,11930.0,,,,,,,,
13/04/2020,Xăng E5 RON 92-II,11340.0,,,,,,,,
13/04/2020,"Dầu DO 0,05S-II",10820.0,,,,,,,,
13/04/2020,Dầu KO,8630.0,,,,,,,,
13/03/2025,Xăng RON 95-III,19640.0,,,,,,,,
13/03/2025,Xăng E5 RON 92-II,19280.0,,,,,,,,
13/03/2025,"Dầu DO 0,05S-II",17890.0,,,,,,,,
13/03/2025,"Dầu DO 0,001S-V",18360.0,,,,,,,,
13/03/2025,Dầu KO,18090.0,,,,,,,,
13/03/2023,Xăng RON 95-III,23810.0,,,,,,,,
13/03/2023,Xăng E5 RON 92-II,22800.0,,,,,,,,
13/03/2023,"Dầu DO 0,05S-II",20500.0,,,,,,,,
13/03/2023,Dầu KO,20710.0,,,,,,,,
13/02/2025,Xăng RON 95-III,21070.0,,,,,,,,
13/02/2025,Xăng E5 RON 92-II,20590.0,,,,,,,,
13/02/2025,"Dầu DO 0,05S-II",19070.0,,,,,,,,
13/02/2025,"Dầu DO 0,001S-V",19330.0,,,,,,,,
13/02/2025,Dầu KO,19470.0,,,,,,,,
13/02/2023,Xăng RON 95-III,23760.0,,,,,,,,
13/02/2023,Xăng E5 RON 92-II,22860.0,,,,,,,,
13/02/2023,"Dầu DO 0,05S-II",21560.0,,,,,,,,
13/02/2023,Dầu KO,21590.0,,,,,,,,
12/12/2024,Xăng RON 95-III,20590.0,,,,,,,,
12/12/2024,Xăng E5 RON 92-II,19860.0,,,,,,,,
12/12/2024,"Dầu DO 0,05S-II",18250.0,,,,,,,,
12/12/2024,"Dầu DO 0,001S-V",18440.0,,,,,,,,
12/12/2024,Dầu KO,18560.0,,,,,,,,
12/12/2022,Xăng RON 95-III,21200.0,,,,,,,,
12/12/2022,Xăng E5 RON 92-II,20340.0,,,,,,,,
12/12/2022,"Dầu DO 0,05S-II",21670.0,,,,,,,,
12/12/2022,Dầu KO,21900.0,,,,,,,,
12/10/2020,Xăng RON 95-III,15120.0,,,,,,,,
12/10/2020,Xăng E5 RON 92-II,14260.0,,,,,,,,
12/10/2020,"Dầu DO 0,05S-II",11120.0,,,,,,,,
12/10/2020,Dầu KO,9590.0,,,,,,,,
12/09/2024,Xăng RON 95-III,19630.0,,,,,,,,
12/09/2024,Xăng E5 RON 92-II,18890.0,,,,,,,,
12/09/2024,"Dầu DO 0,05S-II",17160.0,,,,,,,,
12/09/2024,Dầu KO,17790.0,,,,,,,,
12/09/2022,Xăng RON 95-III,23210.0,,,,,,,,
12/09/2022,Xăng E5 RON 92-II,22230.0,,,,,,,,
12/09/2022,"Dầu DO 0,05S-II",24180.0,,,,,,,,
12/09/2022,Dầu KO,24410.0,,,,,,,,
12/08/2020,Xăng RON 95-III,14920.0,,,,,,,,
12/08/2020,Xăng E5 RON 92-II,14400.0,,,,,,,,
12/08/2020,"Dầu DO 0,05S-II",12200.0,,,,,,,,
12/08/2020,Dầu KO,10200.0,,,,,,,,
12/07/2021,Xăng RON 95-III,21780.0,,,,,,,,
12/07/2021,Xăng E5 RON 92-II,20610.0,,,,,,,,
12/07/2021,"Dầu DO 0,05S-II",16530.0,,,,,,,,
12/07/2021,Dầu KO,15500.0,,,,,,,,
12/06/2025,Xăng RON 95-III,19960.0,,,,,,,,
12/06/2025,Xăng E5 RON 92-II,19460.0,,,,,,,,
12/06/2025,"Dầu DO 0,05S-II",17700.0,,,,,,,,
12/06/2025,"Dầu DO 0,001S-V",18060.0,,,,,,,,
12/06/2025,Dầu KO,17510.0,,,,,,,,
12/06/2023,Xăng RON 95-III,22010.0,,,,,,,,
12/06/2023,Xăng E5 RON 92-II,20870.0,,,,,,,,
12/06/2023,"Dầu DO 0,05S-II",18020.0,,,,,,,,
12/06/2023,Dầu KO,17820.0,,,,,,,,
12/06/2020,Xăng RON 95-III,14080.0,,,,,,,,
12/06/2020,Xăng E5 RON 92-II,13390.0,,,,,,,,
12/06/2020,"Dầu DO 0,05S-II",11510.0,,,,,,,,
12/06/2020,Dầu KO,9610.0,,,,,,,,
12/05/2021,Xăng RON 95-III,19530.0,,,,,,,,
12/05/2021,Xăng E5 RON 92-II,18420.0,,,,,,,,
12/05/2021,"Dầu DO 0,05S-II",14770.0,,,,,,,,
12/05/2021,Dầu KO,13820.0,,,,,,,,
12/04/2022,Xăng RON 95-III,27310.0,,,,,,,,
12/04/2022,Xăng E5 RON 92-II,26470.0,,,,,,,,
12/04/2022,"Dầu DO 0,05S-II",24380.0,,,,,,,,
12/04/2022,Dầu KO,23020.0,,,,,,,,
12/04/2021,Xăng RON 95-III,18970.0,,,,,,,,
12/04/2021,Xăng E5 RON 92-II,17800.0,,,,,,,,
12/04/2021,"Dầu DO 0,05S-II",14140.0,,,,,,,,
12/04/2021,Dầu KO,12820.0,,,,,,,,
12/03/2021,Xăng RON 95-III,18880.0,,,,,,,,
12/03/2021,Xăng E5 RON 92-II,17720.0,,,,,,,,
12/03/2021,"Dầu DO 0,05S-II",14400.0,,,,,,,,
12/03/2021,Dầu KO,13170.0,,,,,,,,
11/12/2020,Xăng RON 95-III,16000.0,,,,,,,,
11/12/2020,Xăng E5 RON 92-II,15120.0,,,,,,,,
11/12/2020,"Dầu DO 0,05S-II",11890.0,,,,,,,,
11/12/2020,Dầu KO,10770.0,,,,,,,,
11/11/2022,Xăng RON 95-III,23860.0,,,,,,,,
11/11/2022,Xăng E5 RON 92-II,22710.0,,,,,,,,
11/11/2022,"Dầu DO 0,05S-II",24980.0,,,,,,,,
11/11/2022,Dầu KO,24740.0,,,,,,,,
11/11/2020,Xăng RON 95-III,14700.0,,,,,,,,
11/11/2020,Xăng E5 RON 92-II,13880.0,,,,,,,,
11/11/2020,"Dầu DO 0,05S-II",10830.0,,,,,,,,
11/11/2020,Dầu KO,9560.0,,,,,,,,
11/10/2023,Xăng RON 95-III,23040.0,,,,,,,,
11/10/2023,Xăng E5 RON 92-II,21900.0,,,,,,,,
11/10/2023,"Dầu DO 0,05S-II",22410.0,,,,,,,,
11/10/2023,Dầu KO,22460.0,,,,,,,,
11/10/2022,Xăng RON 95-III,22000.0,,,,,,,,
11/10/2022,Xăng E5 RON 92-II,21290.0,,,,,,,,
11/10/2022,"Dầu DO 0,05S-II",24180.0,,,,,,,,
11/10/2022,Dầu KO,22820.0,,,,,,,,
11/10/2021,Xăng RON 95-III,22870.0,,,,,,,,
11/10/2021,Xăng E5 RON 92-II,21680.0,,,,,,,,
11/10/2021,"Dầu DO 0,05S-II",17540.0,,,,,,,,
11/10/2021,Dầu KO,16620.0,,,,,,,,
11/09/2025,Xăng RON 95-III,20400.0,,,,,,,,
11/09/2025,Xăng E10 RON 95-III,20040.0,,,,,,,,
11/09/2025,Xăng E5 RON 92-II,19750.0,,,,,,,,
11/09/2025,"Dầu DO 0,05S-II",18640.0,,,,,,,,
11/09/2025,"Dầu DO 0,001S-V",19170.0,,,,,,,,
11/09/2025,Dầu KO,18360.0,,,,,,,,
11/09/2023,Xăng RON 95-III,24870.0,,,,,,,,
11/09/2023,Xăng E5 RON 92-II,23470.0,,,,,,,,
11/09/2023,"Dầu DO 0,05S-II",23050.0,,,,,,,,
11/09/2023,Dầu KO,23180.0,,,,,,,,
11/09/2020,Xăng RON 95-III,14980.0,,,,,,,,
11/09/2020,Xăng E5 RON 92-II,14260.0,,,,,,,,
11/09/2020,"Dầu DO 0,05S-II",11510.0,,,,,,,,
11/09/2020,Dầu KO,9590.0,,,,,,,,
11/08/2023,Xăng RON 95-III,23990.0,,,,,,,,
11/08/2023,Xăng E5 RON 92-II,22820.0,,,,,,,,
11/08/2023,"Dầu DO 0,05S-II",22420.0,,,,,,,,
11/08/2023,Dầu KO,21880.0,,,,,,,,
11/08/2022,Xăng RON 95-III,24660.0,,,,,,,,
11/08/2022,Xăng E5 RON 92-II,23720.0,,,,,,,,
11/08/2022,"Dầu DO 0,05S-II",22900.0,,,,,,,,
11/08/2022,Dầu KO,23320.0,,,,,,,,
11/08/2021,Xăng RON 95-III,21680.0,,,,,,,,
11/08/2021,Xăng E5 RON 92-II,20490.0,,,,,,,,
11/08/2021,"Dầu DO 0,05S-II",16170.0,,,,,,,,
11/08/2021,Dầu KO,15170.0,,,,,,,,
11/07/2024,Xăng RON 95-III,23290.0,,,,,,,,
11/07/2024,Xăng E5 RON 92-II,22280.0,,,,,,,,
11/07/2024,"Dầu DO 0,05S-II",20830.0,,,,,,,,
11/07/2024,Dầu KO,21030.0,,,,,,,,
11/07/2023,Xăng RON 95-III,21490.0,,,,,,,,
11/07/2023,Xăng E5 RON 92-II,20410.0,,,,,,,,
11/07/2023,"Dầu DO 0,05S-II",18610.0,,,,,,,,
11/07/2023,Dầu KO,18320.0,,,,,,,,
11/07/2022,Xăng RON 95-III,29670.0,,,,,,,,
11/07/2022,Xăng E5 RON 92-II,27780.0,,,,,,,,
11/07/2022,"Dầu DO 0,05S-II",26590.0,,,,,,,,
11/07/2022,Dầu KO,26340.0,,,,,,,,
11/06/2021,Xăng RON 95-III,20160.0,,,,,,,,
11/06/2021,Xăng E5 RON 92-II,19040.0,,,,,,,,
11/06/2021,"Dầu DO 0,05S-II",15440.0,,,,,,,,
11/06/2021,Dầu KO,14410.0,,,,,,,,
11/05/2023,Xăng RON 95-III,21000.0,,,,,,,,
11/05/2023,Xăng E5 RON 92-II,20130.0,,,,,,,,
11/05/2023,"Dầu DO 0,05S-II",17650.0,,,,,,,,
11/05/2023,Dầu KO,17970.0,,,,,,,,
11/05/2022,Xăng RON 95-III,29980.0,,,,,,,,
11/05/2022,Xăng E5 RON 92-II,28950.0,,,,,,,,
11/05/2022,"Dầu DO 0,05S-II",26650.0,,,,,,,,
11/05/2022,Dầu KO,25160.0,,,,,,,,
11/04/2024,Xăng RON 95-III,24820.0,,,,,,,,
11/04/2024,Xăng E5 RON 92-II,23840.0,,,,,,,,
11/04/2024,"Dầu DO 0,05S-II",21610.0,,,,,,,,
11/04/2024,Dầu KO,21590.0,,,,,,,,
11/04/2023,Xăng RON 95-III,24240.0,,,,,,,,
11/04/2023,Xăng E5 RON 92-II,23170.0,,,,,,,,
11/04/2023,"Dầu DO 0,05S-II",20140.0,,,,,,,,
11/04/2023,Dầu KO,19730.0,,,,,,,,
11/03/2022,Xăng RON 95-III,29820.0,,,,,,,,
11/03/2022,Xăng E5 RON 92-II,28980.0,,,,,,,,
11/03/2022,"Dầu DO 0,05S-II",25260.0,,,,,,,,
11/03/2022,Dầu KO,23910.0,,,,,,,,
11/02/2022,Xăng RON 95-III,25320.0,,,,,,,,
11/02/2022,Xăng E5 RON 92-II,24570.0,,,,,,,,
11/02/2022,"Dầu DO 0,05S-II",19860.0,,,,,,,,
11/02/2022,Dầu KO,18750.0,,,,,,,,
11/01/2024,Xăng RON 95-III,21930.0,,,,,,,,
11/01/2024,Xăng E5 RON 92-II,21040.0,,,,,,,,
11/01/2024,"Dầu DO 0,05S-II",19700.0,,,,,,,,
11/01/2024,Dầu KO,20330.0,,,,,,,,
11/01/2023,Xăng RON 95-III,22150.0,,,,,,,,
11/01/2023,Xăng E5 RON 92-II,21350.0,,,,,,,,
11/01/2023,"Dầu DO 0,05S-II",21630.0,,,,,,,,
11/01/2023,Dầu KO,21800.0,,,,,,,,
11/01/2022,Xăng RON 95-III,23870.0,,,,,,,,
11/01/2022,Xăng E5 RON 92-II,23150.0,,,,,,,,
11/01/2022,"Dầu DO 0,05S-II",18230.0,,,,,,,,
11/01/2022,Dầu KO,17130.0,,,,,,,,
11/01/2021,Xăng RON 95-III,16930.0,,,,,,,,
11/01/2021,Xăng E5 RON 92-II,15940.0,,,,,,,,
11/01/2021,"Dầu DO 0,05S-II",12640.0,,,,,,,,
11/01/2021,Dầu KO,11550.0,,,,,,,,
10/12/2021,Xăng RON 95-III,22800.0,,,,,,,,
10/12/2021,Xăng E5 RON 92-II,22080.0,,,,,,,,
10/12/2021,"Dầu DO 0,05S-II",17330.0,,,,,,,,
10/12/2021,Dầu KO,16320.0,,,,,,,,
10/11/2021,Xăng RON 95-III,24990.0,,,,,,,,
10/11/2021,Xăng E5 RON 92-II,23660.0,,,,,,,,
10/11/2021,"Dầu DO 0,05S-II",18710.0,,,,,,,,
10/11/2021,Dầu KO,17630.0,,,,,,,,
10/10/2024,Xăng RON 95-III,21060.0,,,,,,,,
10/10/2024,Xăng E5 RON 92-II,19840.0,,,,,,,,
10/10/2024,"Dầu DO 0,05S-II",18500.0,,,,,,,,
10/10/2024,"Dầu DO 0,001S-V",18600.0,,,,,,,,
10/10/2024,Dầu KO,18790.0,,,,,,,,
10/09/2021,Xăng RON 95-III,21390.0,,,,,,,,
10/09/2021,Xăng E5 RON 92-II,20140.0,,,,,,,,
10/09/2021,"Dầu DO 0,05S-II",16020.0,,,,,,,,
10/09/2021,Dầu KO,15080.0,,,,,,,,
10/07/2025,Xăng RON 95-III,20090.0,,,,,,,,
10/07/2025,Xăng E5 RON 92-II,19650.0,,,,,,,,
10/07/2025,"Dầu DO 0,05S-II",18830.0,,,,,,,,
10/07/2025,"Dầu DO 0,001S-V",19150.0,,,,,,,,
10/07/2025,Dầu KO,18370.0,,,,,,,,
10/04/2025,Xăng RON 95-III,19200.0,,,,,,,,
10/04/2025,Xăng E5 RON 92-II,18880.0,,,,,,,,
10/04/2025,"Dầu DO 0,05S-II",17240.0,,,,,,,,
10/04/2025,"Dầu DO 0,001S-V",17880.0,,,,,,,,
10/04/2025,Dầu KO,17410.0,,,,,,,,
10/02/2021,Xăng RON 95-III,17270.0,,,,,,,,
10/02/2021,Xăng E5 RON 92-II,16300.0,,,,,,,,
10/02/2021,"Dầu DO 0,05S-II",13040.0,,,,,,,,
10/02/2021,Dầu KO,11900.0,,,,,,,,
09/10/2025,Xăng RON 95-III,19720.0,,,,,,,,
09/10/2025,Xăng E10 RON 95-III,19500.0,,,,,,,,
09/10/2025,Xăng E5 RON 92-II,19130.0,,,,,,,,
09/10/2025,"Dầu DO 0,05S-II",18600.0,,,,,,,,
09/10/2025,"Dầu DO 0,001S-V",19130.0,,,,,,,,
09/10/2025,Dầu KO,18430.0,,,,,,,,
09/05/2024,Xăng RON 95-III,23540.0,,,,,,,,
09/05/2024,Xăng E5 RON 92-II,22620.0,,,,,,,,
09/05/2024,"Dầu DO 0,05S-II",19840.0,,,,,,,,
09/05/2024,Dầu KO,19700.0,,,,,,,,
09/01/2025,Xăng RON 95-III,21010.0,,,,,,,,
09/01/2025,Xăng E5 RON 92-II,20430.0,,,,,,,,
09/01/2025,"Dầu DO 0,05S-II",19240.0,,,,,,,,
09/01/2025,"Dầu DO 0,001S-V",19510.0,,,,,,,,
09/01/2025,Dầu KO,19240.0,,,,,,,,
08/08/2024,Xăng RON 95-III,21670.0,,,,,,,,
08/08/2024,Xăng E5 RON 92-II,20710.0,,,,,,,,
08/08/2024,"Dầu DO 0,05S-II",19140.0,,,,,,,,
08/08/2024,Dầu KO,19140.0,,,,,,,,
08/05/2025,Xăng RON 95-III,19170.0,,,,,,,,
08/05/2025,Xăng E5 RON 92-II,18770.0,,,,,,,,
08/05/2025,"Dầu DO 0,05S-II",16800.0,,,,,,,,
08/05/2025,"Dầu DO 0,001S-V",17430.0,,,,,,,,
08/05/2025,Dầu KO,16940.0,,,,,,,,
08/02/2024,Xăng RON 95-III,23260.0,,,,,,,,
08/02/2024,Xăng E5 RON 92-II,22120.0,,,,,,,,
08/02/2024,"Dầu DO 0,05S-II",20700.0,,,,,,,,
08/02/2024,Dầu KO,20580.0,,,,,,,,
07/12/2023,Xăng RON 95-III,22320.0,,,,,,,,
07/12/2023,Xăng E5 RON 92-II,21290.0,,,,,,,,
07/12/2023,"Dầu DO 0,05S-II",19720.0,,,,,,,,
07/12/2023,Dầu KO,20920.0,,,,,,,,
07/11/2024,Xăng RON 95-III,20850.0,,,,,,,,
07/11/2024,Xăng E5 RON 92-II,19740.0,,,,,,,,
07/11/2024,"Dầu DO 0,05S-II",18910.0,,,,,,,,
07/11/2024,"Dầu DO 0,001S-V",19120.0,,,,,,,,
07/11/2024,Dầu KO,19290.0,,,,,,,,
07/08/2025,Xăng RON 95-III,20070.0,,,,,,,,
07/08/2025,Xăng E10 RON 95-III,19830.0,,,,,,,,
07/08/2025,Xăng E5 RON 92-II,19600.0,,,,,,,,
07/08/2025,"Dầu DO 0,05S-II",18800.0,,,,,,,,
07/08/2025,"Dầu DO 0,001S-V",19200.0,,,,,,,,
07/08/2025,Dầu KO,18660.0,,,,,,,,
07/03/2024,Xăng RON 95-III,23550.0,,,,,,,,
07/03/2024,Xăng E5 RON 92-II,22510.0,,,,,,,,
07/03/2024,"Dầu DO 0,05S-II",20470.0,,,,,,,,
07/03/2024,Dầu KO,20600.0,,,,,,,,
06/12/2018,Xăng RON 95-III,18450.0,,,,,,,,
06/12/2018,Xăng E5 RON 92-II,17180.0,,,,,,,,
06/12/2018,"Dầu DO 0,05S-II",16250.0,,,,,,,,
06/12/2018,Dầu KO,15250.0,,,,,,,,
06/12/2018,Dầu FO 3%S,0.0,,,,,,,,
06/12/2018,"Dầu FO 3,5%S",0.0,,,,,,,,
06/12/2018,Xăng RON 95-IV,18650.0,,,,,,,,
06/12/2018,"Dầu DO 0,005S-IV",16300.0,,,,,,,,
06/11/2018,Xăng RON 95-III,21060.0,,,,,,,,
06/11/2018,Xăng E5 RON 92-II,19600.0,,,,,,,,
06/11/2018,"Dầu DO 0,05S-II",18540.0,,,,,,,,
06/11/2018,Dầu KO,17080.0,,,,,,,,
06/11/2018,Dầu FO 3%S,0.0,,,,,,,,
06/11/2018,"Dầu FO 3,5%S",0.0,,,,,,,,
06/11/2018,Xăng RON 95-IV,21260.0,,,,,,,,
06/11/2018,"Dầu DO 0,005S-IV",18590.0,,,,,,,,
06/10/2018,Xăng RON 95-III,22340.0,,,,,,,,
06/10/2018,Xăng E5 RON 92-II,20900.0,,,,,,,,
06/10/2018,"Dầu DO 0,05S-II",18610.0,,,,,,,,
06/10/2018,Dầu KO,17080.0,,,,,,,,
06/10/2018,Dầu FO 3%S,0.0,,,,,,,,
06/10/2018,"Dầu FO 3,5%S",0.0,,,,,,,,
06/10/2018,Xăng RON 95-IV,22540.0,,,,,,,,
06/10/2018,"Dầu DO 0,005S-IV",18660.0,,,,,,,,
06/09/2018,Xăng RON 95-III,21470.0,,,,,,,,
06/09/2018,Xăng E5 RON 92-II,19910.0,,,,,,,,
06/09/2018,"Dầu DO 0,05S-II",18060.0,,,,,,,,
06/09/2018,Dầu KO,16550.0,,,,,,,,
06/09/2018,Dầu FO 3%S,0.0,,,,,,,,
06/09/2018,"Dầu FO 3,5%S",0.0,,,,,,,,
06/09/2018,Xăng RON 95-IV,21670.0,,,,,,,,
06/09/2018,"Dầu DO 0,005S-IV",18110.0,,,,,,,,
06/06/2024,Xăng RON 95-III,21970.0,,,,,,,,
06/06/2024,Xăng E5 RON 92-II,21140.0,,,,,,,,
06/06/2024,"Dầu DO 0,05S-II",19420.0,,,,,,,,
06/06/2024,Dầu KO,19550.0,,,,,,,,
06/03/2025,Xăng RON 95-III,20400.0,,,,,,,,
06/03/2025,Xăng E5 RON 92-II,19960.0,,,,,,,,
06/03/2025,"Dầu DO 0,05S-II",18330.0,,,,,,,,
06/03/2025,"Dầu DO 0,001S-V",18670.0,,,,,,,,
06/03/2025,Dầu KO,18570.0,,,,,,,,
06/02/2025,Xăng RON 95-III,20920.0,,,,,,,,
06/02/2025,Xăng E5 RON 92-II,20440.0,,,,,,,,
06/02/2025,"Dầu DO 0,05S-II",19050.0,,,,,,,,
06/02/2025,"Dầu DO 0,001S-V",19190.0,,,,,,,,
06/02/2025,Dầu KO,19410.0,,,,,,,,
05/12/2024,Xăng RON 95-III,20560.0,,,,,,,,
05/12/2024,Xăng E5 RON 92-II,19860.0,,,,,,,,
05/12/2024,"Dầu DO 0,05S-II",18380.0,,,,,,,,
05/12/2024,"Dầu DO 0,001S-V",18570.0,,,,,,,,
05/12/2024,Dầu KO,18810.0,,,,,,,,
05/09/2024,Xăng RON 95-III,20820.0,,,,,,,,
05/09/2024,Xăng E5 RON 92-II,19970.0,,,,,,,,
05/09/2024,"Dầu DO 0,05S-II",18090.0,,,,,,,,
05/09/2024,Dầu KO,18720.0,,,,,,,,
05/09/2023,Xăng RON 95-III,24870.0,,,,,,,,
05/09/2023,Xăng E5 RON 92-II,23470.0,,,,,,,,
05/09/2023,"Dầu DO 0,05S-II",22640.0,,,,,,,,
05/09/2023,Dầu KO,22810.0,,,,,,,,
05/09/2022,Xăng RON 95-III,24230.0,,,,,,,,
05/09/2022,Xăng E5 RON 92-II,23350.0,,,,,,,,
05/09/2022,"Dầu DO 0,05S-II",25180.0,,,,,,,,
05/09/2022,Dầu KO,25440.0,,,,,,,,
05/06/2025,Xăng RON 95-III,19690.0,,,,,,,,
05/06/2025,Xăng E5 RON 92-II,19260.0,,,,,,,,
05/06/2025,"Dầu DO 0,05S-II",17420.0,,,,,,,,
05/06/2025,"Dầu DO 0,001S-V",17970.0,,,,,,,,
05/06/2025,Dầu KO,17280.0,,,,,,,,
05/05/2025,Xăng RON 95-III,19580.0,,,,,,,,
05/05/2025,Xăng E5 RON 92-II,19150.0,,,,,,,,
05/05/2025,"Dầu DO 0,05S-II",17350.0,,,,,,,,
05/05/2025,"Dầu DO 0,001S-V",17980.0,,,,,,,,
05/05/2025,Dầu KO,17560.0,,,,,,,,
04/09/2025,Xăng RON 95-III,20430.0,,,,,,,,
04/09/2025,Xăng E10 RON 95-III,20070.0,,,,,,,,
04/09/2025,Xăng E5 RON 92-II,19850.0,,,,,,,,
04/09/2025,"Dầu DO 0,05S-II",18470.0,,,,,,,,
04/09/2025,"Dầu DO 0,001S-V",19030.0,,,,,,,,
04/09/2025,Dầu KO,18310.0,,,,,,,,
04/07/2024,Xăng RON 95-III,23550.0,,,,,,,,
04/07/2024,Xăng E5 RON 92-II,22460.0,,,,,,,,
04/07/2024,"Dầu DO 0,05S-II",21170.0,,,,,,,,
04/07/2024,Dầu KO,21210.0,,,,,,,,
04/05/2023,Xăng RON 95-III,22320.0,,,,,,,,
04/05/2023,Xăng E5 RON 92-II,21430.0,,,,,,,,
04/05/2023,"Dầu DO 0,05S-II",18250.0,,,,,,,,
04/05/2023,Dầu KO,18520.0,,,,,,,,
04/05/2022,Xăng RON 95-III,28430.0,,,,,,,,
04/05/2022,Xăng E5 RON 92-II,27460.0,,,,,,,,
04/05/2022,"Dầu DO 0,05S-II",25530.0,,,,,,,,
04/05/2022,Dầu KO,23820.0,,,,,,,,
04/04/2024,Xăng RON 95-III,24800.0,,,,,,,,
04/04/2024,Xăng E5 RON 92-II,23910.0,,,,,,,,
04/04/2024,"Dầu DO 0,05S-II",20980.0,,,,,,,,
04/04/2024,Dầu KO,21010.0,,,,,,,,
04/01/2024,Xăng RON 95-III,21910.0,,,,,,,,
04/01/2024,Xăng E5 RON 92-II,21000.0,,,,,,,,
04/01/2024,"Dầu DO 0,05S-II",19360.0,,,,,,,,
04/01/2024,Dầu KO,19950.0,,,,,,,,
03/10/2024,Xăng RON 95-III,19800.0,,,,,,,,
03/10/2024,Xăng E5 RON 92-II,18850.0,,,,,,,,
03/10/2024,"Dầu DO 0,05S-II",17400.0,,,,,,,,
03/10/2024,"Dầu DO 0,001S-V",17510.0,,,,,,,,
03/10/2024,Dầu KO,17510.0,,,,,,,,
03/10/2022,Xăng RON 95-III,21440.0,,,,,,,,
03/10/2022,Xăng E5 RON 92-II,20730.0,,,,,,,,
03/10/2022,"Dầu DO 0,05S-II",22200.0,,,,,,,,
03/10/2022,Dầu KO,21680.0,,,,,,,,
03/07/2025,Xăng RON 95-III,19900.0,,,,,,,,
03/07/2025,Xăng E5 RON 92-II,19440.0,,,,,,,,
03/07/2025,"Dầu DO 0,05S-II",18400.0,,,,,,,,
03/07/2025,"Dầu DO 0,001S-V",18720.0,,,,,,,,
03/07/2025,Dầu KO,18130.0,,,,,,,,
03/07/2023,Xăng RON 95-III,21420.0,,,,,,,,
03/07/2023,Xăng E5 RON 92-II,20470.0,,,,,,,,
03/07/2023,"Dầu DO 0,05S-II",18160.0,,,,,,,,
03/07/2023,Dầu KO,17920.0,,,,,,,,
03/04/2025,Xăng RON 95-III,20910.0,,,,,,,,
03/04/2025,Xăng E5 RON 92-II,20370.0,,,,,,,,
03/04/2025,"Dầu DO 0,05S-II",18470.0,,,,,,,,
03/04/2025,"Dầu DO 0,001S-V",19210.0,,,,,,,,
03/04/2025,Dầu KO,18730.0,,,,,,,,
03/04/2023,Xăng RON 95-III,23120.0,,,,,,,,
03/04/2023,Xăng E5 RON 92-II,22080.0,,,,,,,,
03/04/2023,"Dầu DO 0,05S-II",19430.0,,,,,,,,
03/04/2023,Dầu KO,19030.0,,,,,,,,
03/01/2023,Xăng RON 95-III,22150.0,,,,,,,,
03/01/2023,Xăng E5 RON 92-II,21350.0,,,,,,,,
03/01/2023,"Dầu DO 0,05S-II",22150.0,,,,,,,,
03/01/2023,Dầu KO,22760.0,,,,,,,,
02/10/2025,Xăng RON 95-III,20200.0,,,,,,,,
02/10/2025,Xăng E10 RON 95-III,19920.0,,,,,,,,
02/10/2025,Xăng E5 RON 92-II,19620.0,,,,,,,,
02/10/2025,"Dầu DO 0,05S-II",19030.0,,,,,,,,
02/10/2025,"Dầu DO 0,001S-V",19560.0,,,,,,,,
02/10/2025,Dầu KO,19000.0,,,,,,,,
02/10/2023,Xăng RON 95-III,24840.0,,,,,,,,
02/10/2023,Xăng E5 RON 92-II,23500.0,,,,,,,,
02/10/2023,"Dầu DO 0,05S-II",23590.0,,,,,,,,
02/10/2023,Dầu KO,23810.0,,,,,,,,
02/07/2019,Xăng RON 95-III,20510.0,,,,,,,,
02/07/2019,Xăng E5 RON 92-II,19650.0,,,,,,,,
02/07/2019,"Dầu DO 0,05S-II",16940.0,,,,,,,,
02/07/2019,Dầu KO,15930.0,,,,,,,,
02/07/2019,Dầu FO 3%S,0.0,,,,,,,,
02/07/2019,"Dầu FO 3,5%S",0.0,,,,,,,,
02/05/2024,Xăng RON 95-III,24950.0,,,,,,,,
02/05/2024,Xăng E5 RON 92-II,23910.0,,,,,,,,
02/05/2024,"Dầu DO 0,05S-II",20600.0,,,,,,,,
02/05/2024,Dầu KO,20540.0,,,,,,,,
02/05/2019,Xăng RON 95-III,22190.0,,,,,,,,
02/05/2019,Xăng E5 RON 92-II,20680.0,,,,,,,,
02/05/2019,"Dầu DO 0,05S-II",17690.0,,,,,,,,
02/05/2019,Dầu KO,16620.0,,,,,,,,
02/05/2019,Dầu FO 3%S,0.0,,,,,,,,
02/05/2019,"Dầu FO 3,5%S",0.0,,,,,,,,
02/04/2019,Xăng RON 95-III,20030.0,,,,,,,,
02/04/2019,Xăng E5 RON 92-II,18580.0,,,,,,,,
02/04/2019,"Dầu DO 0,05S-II",17080.0,,,,,,,,
02/04/2019,Dầu KO,15970.0,,,,,,,,
02/04/2019,Dầu FO 3%S,0.0,,,,,,,,
02/04/2019,"Dầu FO 3,5%S",0.0,,,,,,,,
02/03/2019,Xăng RON 95-III,18540.0,,,,,,,,
02/03/2019,Xăng E5 RON 92-II,17210.0,,,,,,,,
02/03/2019,"Dầu DO 0,05S-II",15860.0,,,,,,,,
02/03/2019,Dầu KO,14880.0,,,,,,,,
02/03/2019,Dầu FO 3%S,0.0,,,,,,,,
02/03/2019,"Dầu FO 3,5%S",0.0,,,,,,,,
02/01/2025,Xăng RON 95-III,20740.0,,,,,,,,
02/01/2025,Xăng E5 RON 92-II,20050.0,,,,,,,,
02/01/2025,"Dầu DO 0,05S-II",18750.0,,,,,,,,
02/01/2025,"Dầu DO 0,001S-V",19010.0,,,,,,,,
02/01/2025,Dầu KO,18830.0,,,,,,,,
01/12/2022,Xăng RON 95-III,22700.0,,,,,,,,
01/12/2022,Xăng E5 RON 92-II,21670.0,,,,,,,,
01/12/2022,"Dầu DO 0,05S-II",23210.0,,,,,,,,
01/12/2022,Dầu KO,23560.0,,,,,,,,
01/11/2023,Xăng RON 95-III,23920.0,,,,,,,,
01/11/2023,Xăng E5 RON 92-II,22610.0,,,,,,,,
01/11/2023,"Dầu DO 0,05S-II",21940.0,,,,,,,,
01/11/2023,Dầu KO,22300.0,,,,,,,,
01/11/2022,Xăng RON 95-III,22750.0,,,,,,,,
01/11/2022,Xăng E5 RON 92-II,21870.0,,,,,,,,
01/11/2022,"Dầu DO 0,05S-II",25070.0,,,,,,,,
01/11/2022,Dầu KO,23780.0,,,,,,,,
01/10/2019,Xăng RON 95-III,21060.0,,,,,,,,
01/10/2019,Xăng E5 RON 92-II,19780.0,,,,,,,,
01/10/2019,"Dầu DO 0,05S-II",16630.0,,,,,,,,
01/10/2019,Dầu KO,15780.0,,,,,,,,
01/10/2019,Dầu FO 3%S,0.0,,,,,,,,
01/10/2019,"Dầu FO 3,5%S",0.0,,,,,,,,
01/08/2024,Xăng RON 95-III,22600.0,,,,,,,,
01/08/2024,Xăng E5 RON 92-II,21610.0,,,,,,,,
01/08/2024,"Dầu DO 0,05S-II",19870.0,,,,,,,,
01/08/2024,Dầu KO,20090.0,,,,,,,,
01/08/2023,Xăng RON 95-III,23960.0,,,,,,,,
01/08/2023,Xăng E5 RON 92-II,22790.0,,,,,,,,
01/08/2023,"Dầu DO 0,05S-II",20610.0,,,,,,,,
01/08/2023,Dầu KO,20270.0,,,,,,,,
01/08/2022,Xăng RON 95-III,25600.0,,,,,,,,
01/08/2022,Xăng E5 RON 92-II,24620.0,,,,,,,,
01/08/2022,"Dầu DO 0,05S-II",23900.0,,,,,,,,
01/08/2022,Dầu KO,24530.0,,,,,,,,
01/08/2019,Xăng RON 95-III,20910.0,,,,,,,,
01/08/2019,Xăng E5 RON 92-II,19900.0,,,,,,,,
01/08/2019,"Dầu DO 0,05S-II",17020.0,,,,,,,,
01/08/2019,Dầu KO,15960.0,,,,,,,,
01/08/2019,Dầu FO 3%S,0.0,,,,,,,,
01/08/2019,"Dầu FO 3,5%S",0.0,,,,,,,,
01/07/2025,Xăng RON 95-III,21110.0,,,,,,,,
01/07/2025,Xăng E5 RON 92-II,20530.0,,,,,,,,
01/07/2025,"Dầu DO 0,05S-II",19340.0,,,,,,,,
01/07/2025,"Dầu DO 0,001S-V",19700.0,,,,,,,,
01/07/2025,Dầu KO,19060.0,,,,,,,,
01/07/2022,Xăng RON 95-III,32760.0,,,,,,,,
01/07/2022,Xăng E5 RON 92-II,30890.0,,,,,,,,
01/07/2022,"Dầu DO 0,05S-II",29610.0,,,,,,,,
01/07/2022,Dầu KO,28350.0,,,,,,,,
01/06/2023,Xăng RON 95-III,22010.0,,,,,,,,
01/06/2023,Xăng E5 RON 92-II,20870.0,,,,,,,,
01/06/2023,"Dầu DO 0,05S-II",17940.0,,,,,,,,
01/06/2023,Dầu KO,17770.0,,,,,,,,
01/06/2022,Xăng RON 95-III,31570.0,,,,,,,,
01/06/2022,Xăng E5 RON 92-II,30230.0,,,,,,,,
01/06/2022,"Dầu DO 0,05S-II",26390.0,,,,,,,,
01/06/2022,Dầu KO,25340.0,,,,,,,,
01/06/2019,Xăng RON 95-III,21210.0,,,,,,,,
01/06/2019,Xăng E5 RON 92-II,20210.0,,,,,,,,
01/06/2019,"Dầu DO 0,05S-II",17390.0,,,,,,,,
01/06/2019,Dầu KO,16220.0,,,,,,,,
01/06/2019,Dầu FO 3%S,0.0,,,,,,,,
01/06/2019,"Dầu FO 3,5%S",0.0,,,,,,,,
01/04/2022,Xăng RON 95-III,28150.0,,,,,,,,
01/04/2022,Xăng E5 RON 92-II,27300.0,,,,,,,,
01/04/2022,"Dầu DO 0,05S-II",25080.0,,,,,,,,
01/04/2022,Dầu KO,23760.0,,,,,,,,
01/03/2023,Xăng RON 95-III,23320.0,,,,,,,,
01/03/2023,Xăng E5 RON 92-II,22420.0,,,,,,,,
01/03/2023,"Dầu DO 0,05S-II",20250.0,,,,,,,,
01/03/2023,Dầu KO,20470.0,,,,,,,,
01/03/2022,Xăng RON 95-III,26830.0,,,,,,,,
01/03/2022,Xăng E5 RON 92-II,26070.0,,,,,,,,
01/03/2022,"Dầu DO 0,05S-II",21310.0,,,,,,,,
01/03/2022,Dầu KO,19970.0,,,,,,,,
01/02/2025,Xăng RON 95-III,21000.0,,,,,,,,
01/02/2025,Xăng E5 RON 92-II,20390.0,,,,,,,,
01/02/2025,"Dầu DO 0,05S-II",19240.0,,,,,,,,
01/02/2025,"Dầu DO 0,001S-V",19420.0,,,,,,,,
01/02/2025,Dầu KO,19430.0,,,,,,,,
01/02/2024,Xăng RON 95-III,24160.0,,,,,,,,
01/02/2024,Xăng E5 RON 92-II,22910.0,,,,,,,,
01/02/2024,"Dầu DO 0,05S-II",20990.0,,,,,,,,
01/02/2024,Dầu KO,20920.0,,,,,,,,
01/01/2023,Xăng RON 95-III,21800.0,,,,,,,,
01/01/2023,Xăng E5 RON 92-II,21020.0,,,,,,,,
01/01/2023,"Dầu DO 0,05S-II",22150.0,,,,,,,,
01/01/2023,Dầu KO,22160.0,,,,,,,,
01/01/2019,Xăng RON 95-III,17600.0,,,,,,,,
01/01/2019,Xăng E5 RON 92-II,16270.0,,,,,,,,
01/01/2019,"Dầu DO 0,05S-II",14900.0,,,,,,,,
01/01/2019,Dầu KO,14180.0,,,,,,,,
01/01/2019,Dầu FO 3%S,0.0,,,,,,,,
01/01/2019,"Dầu FO 3,5%S",0.0,,,,,,,,
01/01/2019,Xăng RON 95-IV,17800.0,,,,,,,,
01/01/2019,"Dầu DO 0,005S-IV",14950.0,,,,,,,,
,,,2025-11-05,06:24:40,Xăng RON 95-III,Xăng E10 RON 95-III,Xăng E5 RON 92-II,Dầu DO 005S-II,Dầu DO 0001S-V,Dầu KO
,,,2025-11-06,02:44:37,Xăng RON 95-III,Xăng E10 RON 95-III,Xăng E5 RON 92-II,Dầu DO 005S-II,Dầu DO 0001S-V,Dầu KO
,,,2025-11-07,02:42:34,Xăng RON 95-III,Xăng E10 RON 95-III,Xăng E5 RON 92-II,Dầu DO 005S-II,Dầu DO 0001S-V,Dầu KO
,,,2025-11-08,02:24:39,Xăng RON 95-III,Xăng E10 RON 95-III,Xăng E5 RON 92-II,Dầu DO 005S-II,Dầu DO 0001S-V,Dầu KO
,,,2025-11-09,02:44:44,Xăng RON 95-III,Xăng E10 RON 95-III,Xăng E5 RON 92-II,Dầu DO 005S-II,Dầu DO 0001S-V,Dầu KO
,,,2025-11-10,02:49:23,Xăng RON 95-III,Xăng E10 RON 95-III,Xăng E5 RON 92-II,Dầu DO 005S-II,Dầu DO 0001S-V,Dầu KO
,,,2025-11-11,02:44:31,Xăng RON 95-III,Xăng E10 RON 95-III,Xăng E5 RON 92-II,Dầu DO 005S-II,Dầu DO 0001S-V,Dầu KO
